Timestamp,Serial Number,Channel,Data,Unit of Measure
2026-Aug-01 00:02,250269653,sensor1,51,%
2026-Aug-01 00:02,250269653,sensor2,21.16,°C
2026-Aug-01 00:07,250269653,sensor1,50.6,%
2026-Aug-01 00:07,250269653,sensor2,21.15,°C
2026-Aug-01 00:12,250269653,sensor1,50.5,%
2026-Aug-01 00:12,250269653,sensor2,21.1,°C
2026-Aug-07 00:51,250269653,sensor1,51.7,%
2026-Aug-07 00:51,250269653,sensor1,51.7,%
2026-Aug-07 00:51,250269653,sensor1,51.7,%
2026-Aug-07 00:51,250269653,sensor2,21.3,°C
2026-Aug-07 00:51,250269653,sensor2,21.3,°C
2026-Aug-07 00:51,250269653,sensor2,21.3,°C
2026-Aug-07 13:23,250269653,sensor1,60.3,%
2026-Aug-01 00:04,250269655,sensor1,51.6,%
2026-Aug-01 00:04,250269655,sensor2,20.56,°C
2026-Aug-01 00:09,250269655,sensor1,51.7,%
2026-Aug-01 00:09,250269655,sensor2,20.53,°C
2026-Aug-01 00:14,250269655,sensor1,52.3,%
2026-Aug-01 00:14,250269655,sensor2,20.5,°C
2026-Aug-04 12:53,250269655,sensor1,60,%
2026-Aug-04 12:53,250269655,sensor1,60.5,%
2026-Aug-04 12:53,250269655,sensor2,20.95,°C
2026-Aug-04 12:55,250269655,sensor1,59.9,%
2026-Aug-04 12:55,250269655,sensor1,60.1,%
2026-Aug-01 00:02,250269656,sensor1,48.1,%
2026-Aug-01 00:02,250269656,sensor2,20.4,°C
2026-Aug-01 00:07,250269656,sensor1,47.8,%
2026-Aug-01 00:07,250269656,sensor2,19.98,°C
2026-Aug-01 00:12,250269656,sensor1,49.4,%
2026-Aug-01 00:12,250269656,sensor2,20.04,°C
2026-Aug-02 10:05,250269656,sensor1,60,%
2026-Aug-02 10:05,250269656,sensor1,59.9,%
